0,nospec_no_specifier_test,1594636664,0
1,nospec_empty_string,1594636664,0
2,nospec_some_escaped_chars,1594636664,0
3,nospec_successive_5_5,1594636664,0
4,nospec_successive_2_9,1594636664,0
5,nospec_successive_8_3,1594636664,0
6,pct_basic,0,1594636664
7,pct_5w,0,1594636664
8,pct_5wlj,0,1594636664
9,pct_5wzp,0,1594636664
10,pct_5wljzp,0,1594636664
16,c_allprintable_combined,1594636664,1594549441
17,c_1_31_combined,1594636664,1594549441
18,c_128_255_combined,0,1594636664
19,c_allprintable_width,0,1594636664
20,c_1_31_width,0,1594636664
21,c_128_255_width,0,1594636664
22,c_allprintable_width_lj,0,1594636664
23,c_1_31_width_lj,0,1594636664
24,c_128_255_width_lj,0,1594636664
25,c_nullterm_basic,0,1594636664
26,c_nullterm_5w,0,1594636664
27,c_nullterm_5wlj,0,1594636664
28,s_basic_string_expansion,1594549441,1594636664
29,s_only_string_expansion,1594549441,1594636664
30,s_two_string_expansions,1594549441,1594636664
31,s_two_string_expansions2,1594549441,1594636664
32,s_empty_string_expansion,1594549441,1594636664
33,s_full_then_empty_string,1594549441,1594636664
34,s_empty_then_full_string,1594549441,1594636664
35,s_three_strings,1594549441,1594636664
36,s_space_padded_field_width,0,1594636664
37,s_space_padded_field_width2,0,1594636664
38,s_space_padded_over_field_width,1594636664,1594549441
39,s_space_padded_field_width_lj,0,1594636664
40,s_space_padded_field_width2_lj,0,1594636664
41,s_space_padded_over_field_width_lj,1594636664,1594549441
42,s_string_prec_notrunc,0,1594636664
43,s_string_prec_trunc,0,1594636664
44,s_string_prec_default,1594636664,0
45,s_string_prec_zero,1594636664,0
46,s_two_strings_prec_2trunc,0,1594636664
47,s_two_strings_prec_1trunc_a,0,1594636664
48,s_two_strings_prec_1trunc_b,0,1594636664
49,s_two_strings_prec_0trunc,0,1594636664
50,s_string_prec_width_notrunc,0,1594636664
51,s_string_prec_width_trunc,0,1594636664
52,s_string_prec_width_notrunc_lj,0,1594636664
53,s_string_prec_width_trunc_lj,0,1594636664
54,s_two_s_prec_width_2fit_0trunc,0,1594636664
55,s_two_s_prec_width_1fit_a_0trunc,0,1594636664
56,s_two_s_prec_width_1fit_b_0trunc,0,1594636664
57,s_two_s_prec_width_0fit_0trunc,0,1594636664
58,s_two_s_prec_width_2fit_1trunc_a,0,1594636664
59,s_two_s_prec_width_1fit_a_1trunc_a,0,1594636664
60,s_two_s_prec_width_1fit_b_1trunc_a,0,1594636664
61,s_two_s_prec_width_0fit_1trunc_a,0,1594636664
62,s_two_s_prec_width_2fit_1trunc_b,0,1594636664
63,s_two_s_prec_width_1fit_a_1trunc_b,0,1594636664
64,s_two_s_prec_width_1fit_b_1trunc_b,0,1594636664
65,s_two_s_prec_width_0fit_1trunc_b,0,1594636664
66,s_two_s_prec_width_2fit_2trunc,0,1594636664
67,s_two_s_prec_width_1fit_a_2trunc,0,1594636664
68,s_two_s_prec_width_1fit_b_2trunc,0,1594636664
69,s_two_s_prec_width_0fit_2trunc,0,1594636664
70,s_two_s_prec_width_2trunc,1594636664,1594549441
71,s_two_strings_lj_and_rj,0,1594636664
72,s_two_strings_rj_and_lj,0,1594636664
73,s_null_basic_string_expansion,0,1594636664
74,s_null_only_string_expansion,0,1594636664
75,s_null_space_padded_field_width,0,1594636664
76,s_null_space_padded_over_field_width,0,1594636664
77,s_null_space_padded_field_width_lj,0,1594636664
78,s_null_space_padded_field_width2_lj,0,1594636664
79,s_null_space_padded_over_field_width_lj,0,1594636664
80,s_null_string_prec_notrunc,0,1594636664
81,s_null_string_prec_trunc,0,1594636664
82,s_null_string_prec_default,1594636664,0
83,s_null_string_prec_zero,1594636664,0
84,s_basic_s_hidden,1594549441,1594636664
85,s_width_3_s_hidden,1594636664,1594549441
86,s_width_9_s_hidden,0,1594636664
87,s_prec_no_width_s_hidden,1594636664,0
88,s_prec_9_no_width_s_hidden,0,1594636664
89,s_prec_03_no_width_s_hidden,0,1594636664
90,s_prec_09_no_width_s_hidden,0,1594636664
91,s_prec_03_no_width_s_null,0,1594636664
92,s_prec_09_no_width_s_null,0,1594636664
93,s_prec_00_no_width_s_nullchar,1594549441,1594636664
94,s_prec_01_no_width_s_nullchar,1594549441,1594636664
95,s_prec_03_no_width_s_nullchar,1594549441,1594636664
96,s_prec_09_no_width_s_nullchar,1594549441,1594636664
97,s_prec_0_width_3_s_hidden,0,1594636664
98,s_prec_0_width_10_s_hidden,0,1594636664
99,s_prec_0_width_3_s_null,0,1594636664
100,s_prec_0_width_10_s_null,0,1594636664
101,s_prec_0_width_1_s_nullchar,0,1594636664
102,s_prec_0_width_2_s_nullchar,0,1594636664
103,s_prec_0_width_9_s_nullchar,0,1594636664
104,s_prec_0_lj_width_3_s_hidden,0,1594636664
105,s_prec_0_lj_width_8_s_hidden,0,1594636664
106,s_prec_0_lj_width_3_s_null,0,1594636664
107,s_prec_0_lj_width_8_s_null,0,1594636664
108,s_prec_0_lj_width_1_s_nullchar,0,1594636664
109,s_prec_0_lj_width_2_s_nullchar,0,1594636664
110,s_prec_0_lj_width_6_s_nullchar,0,1594636664
111,s_prec_1_width_3_s_hidden,0,1594636664
112,s_prec_1_width_10_s_hidden,0,1594636664
113,s_prec_1_width_3_s_null,0,1594636664
114,s_prec_1_width_9_s_null,0,1594636664
115,s_prec_1_lj_width_3_s_hidden,0,1594636664
116,s_prec_1_lj_width_10_s_hidden,0,1594636664
117,s_prec_1_lj_width_3_s_null,0,1594636664
118,s_prec_1_lj_width_9_s_null,0,1594636664
119,s_prec_1_lj_width_3_s_nullchar,0,1594636664
120,s_prec_1_lj_width_6_s_nullchar,0,1594636664
121,s_prec_perfect_width_3_s_hidden,0,1594636664
122,s_prec_perfect_width_20_s_hidden,0,1594636664
123,s_prec_perfect_width_3_s_null,0,1594636664
124,s_prec_perfect_width_20_s_null,0,1594636664
125,s_prec_perfect_width_3_s_nullchar,0,1594636664
126,s_prec_perfect_width_6_s_nullchar,0,1594636664
127,s_prec_perfect_lj_width_3_s_hidden,0,1594636664
128,s_prec_perfect_lj_width_20_s_hidden,0,1594636664
129,s_prec_8_lj_width_3_s_hidden,0,1594636664
130,s_prec_8_lj_width_10_s_hidden,0,1594636664
131,s_prec_8_lj_width_3_s_null,0,1594636664
132,s_prec_8_lj_width_10_s_null,0,1594636664
133,s_prec_00_lj_s_hidden_trunc,1594549441,1594636664
134,s_prec_09_lj_s_hidden_notrunc,0,1594636664
173,p_null,0,1594636664
178,p_ftfc_5w_throwswarning,0,1594636664
179,p_basic,1594636664,1594549441
180,p_width_fit,0,1594636664
181,p_width_nofit,1594636664,1594549441
182,p_width_16,0,1594636664
183,p_width_8,1594636664,1594549441
184,p_width_32,0,1594636664
185,p_width_fit_lj,0,1594636664
186,p_width_nofit_lj,1594636664,1594549441
187,p_width_16_lj,0,1594636664
188,p_width_8_lj,1594636664,1594549441
189,p_width_32_lj,0,1594636664
190,d_basic_pos,1594549441,1594636664
191,d_basic_neg,1594549441,1594636664
192,d_basic_zero,1594549441,1594636664
193,d_basic_onlypos,1594549441,1594636664
194,d_basic_onlyneg,1594549441,1594636664
195,d_basic_onlyzero,1594549441,1594636664
196,d_intmax,1594549441,1594636664
197,d_intmin,1594549441,1594636664
198,d_width_pos_fits,1594636664,1594549441
199,d_width_neg_fits,0,1594636664
200,d_width_zero_fits,0,1594636664
201,d_width_pos_exactfit,1594636664,1594549441
202,d_width_neg_exactfit,0,1594636664
203,d_width_pos_nofit,1594636664,1594549441
204,d_width_neg_nofit,1594636664,1594549441
205,d_width_pos_fits_lj,0,1594636664
206,d_width_neg_fits_lj,0,1594636664
207,d_width_zero_fits_lj,0,1594636664
208,d_width_pos_exactfit_lj,1594636664,1594549441
209,d_width_neg_exactfit_lj,0,1594636664
210,d_width_pos_nofit_lj,1594636664,1594549441
211,d_width_neg_nofit_lj,1594636664,1594549441
212,d_prec_fits_pos,0,1594636664
213,d_prec_fits_neg,0,1594636664
214,d_prec_fits_zero,0,1594636664
215,d_prec_exactfit_pos,0,1594636664
216,d_prec_exactfit_neg,0,1594636664
217,d_prec_nofit_pos,0,1594636664
218,d_prec_nofit_neg,0,1594636664
219,d_zp_pos_fits,0,1594636664
220,d_zp_neg_fits,0,1594636664
221,d_zp_zero_fits,0,1594636664
222,d_zp_pos_exactfit,1594636664,1594549441
223,d_zp_neg_exactfit,0,1594636664
224,d_zp_neg_minus1fit,1594636664,1594549441
225,d_prec_width_fit_fit_pos,0,1594636664
226,d_prec_width_fit_fit_neg,0,1594636664
227,d_prec_width_fit_fit_zero,0,1594636664
228,d_prec_width_nofit_fit_pos,0,1594636664
229,d_prec_width_nofit_fit_neg,0,1594636664
230,d_prec_width_fit_nofit_pos,0,1594636664
231,d_prec_width_fit_nofit_neg,0,1594636664
232,d_prec_width_nofit_nofit_pos,0,1594636664
233,d_prec_width_nofit_nofit_neg,0,1594636664
234,d_prec_width_fit_fit_pos_lj,0,1594636664
235,d_prec_width_fit_fit_neg_lj,0,1594636664
236,d_prec_width_fit_fit_zero_lj,0,1594636664
237,d_prec_width_nofit_fit_pos_lj,0,1594636664
238,d_prec_width_nofit_fit_neg_lj,0,1594636664
239,d_prec_width_fit_nofit_pos_lj,0,1594636664
240,d_prec_width_fit_nofit_neg_lj,0,1594636664
241,d_prec_width_nofit_nofit_pos_lj,0,1594636664
242,d_prec_width_nofit_nofit_neg_lj,0,1594636664
243,d_prec_width_ff_pos_zp,0,1594636664
244,d_prec_width_ff_neg_zp,0,1594636664
245,d_prec_width_ff_zero_zp,0,1594636664
246,d_prec_width_nf_pos_zp,0,1594636664
247,d_prec_width_nf_neg_zp,0,1594636664
248,d_prec_width_fn_pos_zp,0,1594636664
249,d_prec_width_fn_neg_zp,0,1594636664
250,d_prec_width_nn_pos_zp,0,1594636664
251,d_prec_width_nn_neg_zp,0,1594636664
252,d_prec_width_ff_pos_lj_zp_ignoreflag,0,1594636664
253,d_prec_width_ff_neg_ljzp_ignoreflag,0,1594636664
254,d_prec_width_ff_zero_ljzp_ignoreflag,0,1594636664
255,d_prec_width_nf_pos_ljzp_ignoreflag,0,1594636664
256,d_prec_width_nf_neg_ljzp_ignoreflag,0,1594636664
257,d_prec_width_fn_pos_ljzp_ignoreflag,0,1594636664
258,d_prec_width_fn_neg_ljzp_ignoreflag,0,1594636664
259,d_prec_width_nn_pos_ljzp_ignoreflag,0,1594636664
260,d_prec_width_nn_neg_ljzp_ignoreflag,0,1594636664
261,d_prec0val0_basic,1594636664,0
262,d_prec0val0_implicit,1594636664,0
263,d_prec0val0_w,0,1594636664
264,d_prec0val0_w_impl,0,1594636664
265,d_prec0val0_wlj,0,1594636664
266,d_prec0val0_wlj_impl,0,1594636664
267,i_basic_pos,0,1594636664
268,i_basic_neg,0,1594636664
269,i_basic_zero,0,1594636664
270,i_basic_onlypos,0,1594636664
271,i_basic_onlyneg,0,1594636664
272,i_basic_onlyzero,0,1594636664
273,i_intmax,0,1594636664
274,i_intmin,0,1594636664
275,i_width_pos_fits,1594636664,1594549441
276,i_width_neg_fits,0,1594636664
277,i_width_zero_fits,0,1594636664
278,i_width_pos_exactfit,1594636664,1594549441
279,i_width_neg_exactfit,0,1594636664
280,i_width_pos_nofit,1594636664,1594549441
281,i_width_neg_nofit,1594636664,1594549441
282,i_width_pos_fits_lj,0,1594636664
283,i_width_neg_fits_lj,0,1594636664
284,i_width_zero_fits_lj,0,1594636664
285,i_width_pos_exactfit_lj,1594636664,1594549441
286,i_width_neg_exactfit_lj,0,1594636664
287,i_width_pos_nofit_lj,1594636664,1594549441
288,i_width_neg_nofit_lj,1594636664,1594549441
289,i_prec_fits_pos,0,1594636664
290,i_prec_fits_neg,0,1594636664
291,i_prec_fits_zero,0,1594636664
292,i_prec_exactfit_pos,0,1594636664
293,i_prec_exactfit_neg,0,1594636664
294,i_prec_nofit_pos,0,1594636664
295,i_prec_nofit_neg,0,1594636664
296,i_zp_pos_fits,0,1594636664
297,i_zp_neg_fits,0,1594636664
298,i_zp_zero_fits,0,1594636664
299,i_zp_pos_exactfit,1594636664,1594549441
300,i_zp_neg_exactfit,0,1594636664
301,i_zp_neg_minus1fit,1594636664,1594549441
302,i_prec_width_fit_fit_pos,0,1594636664
303,i_prec_width_fit_fit_neg,0,1594636664
304,i_prec_width_fit_fit_zero,0,1594636664
305,i_prec_width_nofit_fit_pos,0,1594636664
306,i_prec_width_nofit_fit_neg,0,1594636664
307,i_prec_width_fit_nofit_pos,0,1594636664
308,i_prec_width_fit_nofit_neg,0,1594636664
309,i_prec_width_nofit_nofit_pos,0,1594636664
310,i_prec_width_nofit_nofit_neg,0,1594636664
311,i_prec_width_fit_fit_pos_lj,0,1594636664
312,i_prec_width_fit_fit_neg_lj,0,1594636664
313,i_prec_width_fit_fit_zero_lj,0,1594636664
314,i_prec_width_nofit_fit_pos_lj,0,1594636664
315,i_prec_width_nofit_fit_neg_lj,0,1594636664
316,i_prec_width_fit_nofit_pos_lj,0,1594636664
317,i_prec_width_fit_nofit_neg_lj,0,1594636664
318,i_prec_width_nofit_nofit_pos_lj,0,1594636664
319,i_prec_width_nofit_nofit_neg_lj,0,1594636664
320,i_prec_width_ff_pos_zp,0,1594636664
321,i_prec_width_ff_neg_zp,0,1594636664
322,i_prec_width_ff_zero_zp,0,1594636664
323,i_prec_width_nf_pos_zp,0,1594636664
324,i_prec_width_nf_neg_zp,0,1594636664
325,i_prec_width_fn_pos_zp,0,1594636664
326,i_prec_width_fn_neg_zp,0,1594636664
327,i_prec_width_nn_pos_zp,0,1594636664
328,i_prec_width_nn_neg_zp,0,1594636664
329,i_prec_width_ff_pos_lj_zp_ignoreflag,0,1594636664
330,i_prec_width_ff_neg_ljzp_ignoreflag,0,1594636664
331,i_prec_width_ff_zero_ljzp_ignoreflag,0,1594636664
332,i_prec_width_nf_pos_ljzp_ignoreflag,0,1594636664
333,i_prec_width_nf_neg_ljzp_ignoreflag,0,1594636664
334,i_prec_width_fn_pos_ljzp_ignoreflag,0,1594636664
335,i_prec_width_fn_neg_ljzp_ignoreflag,0,1594636664
336,i_prec_width_nn_pos_ljzp_ignoreflag,0,1594636664
337,i_prec_width_nn_neg_ljzp_ignoreflag,0,1594636664
338,i_prec0val0_basic,1594636664,0
339,i_prec0val0_implicit,1594636664,0
340,i_prec0val0_w,0,1594636664
341,i_prec0val0_w_impl,0,1594636664
342,i_prec0val0_wlj,0,1594636664
343,i_prec0val0_wlj_impl,0,1594636664
344,u_basic_pos,0,1594636664
345,u_basic_zero,0,1594636664
346,u_basic_onlypos,0,1594636664
347,u_uintmax,0,1594636664
348,u_width_pos_fits,0,1594636664
349,u_width_zero_fits,0,1594636664
350,u_width_pos_exactfit,1594636664,1594549441
351,u_width_pos_nofit,1594636664,1594549441
352,u_width_pos_fits_lj,0,1594636664
353,u_width_zero_fits_lj,0,1594636664
354,u_width_pos_exactfit_lj,1594636664,1594549441
355,u_width_pos_nofit_lj,1594636664,1594549441
356,u_prec_fits_pos,0,1594636664
357,u_prec_fits_zero,0,1594636664
358,u_prec_exactfit_pos,0,1594636664
359,u_prec_nofit_pos,0,1594636664
360,u_zp_pos_fits,0,1594636664
361,u_zp_zero_fits,0,1594636664
362,u_zp_pos_exactfit,1594636664,1594549441
363,u_prec_width_fit_fit_pos,0,1594636664
364,u_prec_width_fit_fit_zero,0,1594636664
365,u_prec_width_nofit_fit_pos,0,1594636664
366,u_prec_width_fit_nofit_pos,0,1594636664
367,u_prec_width_nofit_nofit_pos,0,1594636664
368,u_prec_width_fit_fit_pos_lj,0,1594636664
369,u_prec_width_fit_fit_zero_lj,0,1594636664
370,u_prec_width_nofit_fit_pos_lj,0,1594636664
371,u_prec_width_fit_nofit_pos_lj,0,1594636664
372,u_prec_width_nofit_nofit_pos_lj,0,1594636664
373,u_prec_width_ff_pos_zp,0,1594636664
374,u_prec_width_ff_zero_zp,0,1594636664
375,u_prec_width_nf_pos_zp,0,1594636664
376,u_prec_width_fn_pos_zp,0,1594636664
377,u_prec_width_nn_pos_zp,0,1594636664
378,u_prec_width_ff_pos_ljzp_ignoreflag,0,1594636664
379,u_prec_width_ff_zero_ljzp_ignoreflag,0,1594636664
380,u_prec_width_nf_pos_ljzp_ignoreflag,0,1594636664
381,u_prec_width_fn_pos_ljzp_ignoreflag,0,1594636664
382,u_prec_width_nn_pos_ljzp_ignoreflag,0,1594636664
383,u_prec0val0_basic,1594636664,0
384,u_prec0val0_implicit,1594636664,0
385,u_prec0val0_w,0,1594636664
386,u_prec0val0_w_impl,0,1594636664
387,u_prec0val0_wlj,0,1594636664
388,u_prec0val0_wlj_impl,0,1594636664
389,x_basic_pos,0,1594636664
390,x_basic_zero,0,1594636664
391,x_basic_onlypos,0,1594636664
392,x_hexlmax,0,1594636664
393,x_width_pos_fits,0,1594636664
394,x_width_zero_fits,0,1594636664
395,x_width_pos_exactfit,0,1594636664
396,x_width_pos_nofit,1594636664,1594549441
397,x_width_pos_fits_lj,0,1594636664
398,x_width_zero_fits_lj,0,1594636664
399,x_width_pos_exactfit_lj,0,1594636664
400,x_width_pos_nofit_lj,1594636664,1594549441
401,x_prec_fits_pos,0,1594636664
402,x_prec_fits_zero,0,1594636664
403,x_prec_exactfit_pos,0,1594636664
404,x_prec_nofit_pos,0,1594636664
405,x_zp_pos_fits,0,1594636664
406,x_zp_zero_fits,0,1594636664
407,x_zp_pos_exactfit,1594636664,1594549441
408,x_prec_width_fit_fit_pos,0,1594636664
409,x_prec_width_fit_fit_zero,0,1594636664
410,x_prec_width_nofit_fit_pos,0,1594636664
411,x_prec_width_fit_nofit_pos,0,1594636664
412,x_prec_width_nofit_nofit_pos,0,1594636664
413,x_prec_width_fit_fit_pos_lj,0,1594636664
414,x_prec_width_fit_fit_zero_lj,0,1594636664
415,x_prec_width_nofit_fit_pos_lj,0,1594636664
416,x_prec_width_fit_nofit_pos_lj,0,1594636664
417,x_prec_width_nofit_nofit_pos_lj,0,1594636664
418,x_prec_width_ff_pos_zp,0,1594636664
419,x_prec_width_ff_zero_zp,0,1594636664
420,x_prec_width_nf_pos_zp,0,1594636664
421,x_prec_width_fn_pos_zp,0,1594636664
422,x_prec_width_nn_pos_zp,0,1594636664
423,x_prec_width_ff_pos_ljzp_ignoreflag,0,1594636664
424,x_prec_width_ff_zero_ljzp_ignoreflag,0,1594636664
425,x_prec_width_nf_pos_ljzp_ignoreflag,0,1594636664
426,x_prec_width_fn_pos_ljzp_ignoreflag,0,1594636664
427,x_prec_width_nn_pos_ljzp_ignoreflag,0,1594636664
428,x_prec0val0_basic,1594636664,0
429,x_prec0val0_implicit,1594636664,0
430,x_prec0val0_w,0,1594636664
431,x_prec0val0_w_impl,0,1594636664
432,x_prec0val0_wlj,0,1594636664
433,x_prec0val0_wlj_impl,0,1594636664
434,X_basic_hexu_pos,0,1594636664
435,X_basic_hexu_zero,0,1594636664
436,X_basic_hexu_onlypos,0,1594636664
437,X_hexumax,0,1594636664
438,X_width_pos_fits,0,1594636664
439,X_width_zero_fits,0,1594636664
440,X_width_pos_exactfit,0,1594636664
441,X_width_pos_nofit,1594636664,1594549441
442,X_width_pos_fits_lj,0,1594636664
443,X_width_zero_fits_lj,0,1594636664
444,X_width_pos_exactfit_lj,0,1594636664
445,X_width_pos_nofit_lj,1594636664,1594549441
446,X_prec_fits_pos,0,1594636664
447,X_prec_fits_zero,0,1594636664
448,X_prec_exactfit_pos,0,1594636664
449,X_prec_nofit_pos,0,1594636664
450,X_zp_pos_fits,0,1594636664
451,X_zp_zero_fits,0,1594636664
452,X_zp_pos_exactfit,1594636664,1594549441
453,X_prec_width_fit_fit_pos,0,1594636664
454,X_prec_width_fit_fit_zero,0,1594636664
455,X_prec_width_nofit_fit_pos,0,1594636664
456,X_prec_width_fit_nofit_pos,0,1594636664
457,X_prec_width_nofit_nofit_pos,0,1594636664
458,X_prec_width_fit_fit_pos_lj,0,1594636664
459,X_prec_width_fit_fit_zero_lj,0,1594636664
460,X_prec_width_nofit_fit_pos_lj,0,1594636664
461,X_prec_width_fit_nofit_pos_lj,0,1594636664
462,X_prec_width_nofit_nofit_pos_lj,0,1594636664
463,X_prec_width_ff_pos_zp,0,1594636664
464,X_prec_width_ff_zero_zp,0,1594636664
465,X_prec_width_nf_pos_zp,0,1594636664
466,X_prec_width_fn_pos_zp,0,1594636664
467,X_prec_width_nn_pos_zp,0,1594636664
468,X_prec_width_ff_pos_ljzp_ignoreflag,0,1594636664
469,X_prec_width_ff_zero_ljzp_ignoreflag,0,1594636664
470,X_prec_width_nf_pos_ljzp_ignoreflag,0,1594636664
471,X_prec_width_fn_pos_ljzp_ignoreflag,0,1594636664
472,X_prec_width_nn_pos_ljzp_ignoreflag,0,1594636664
473,X_prec0val0_basic,1594636664,0
474,X_prec0val0_implicit,1594636664,0
475,X_prec0val0_w,0,1594636664
476,X_prec0val0_w_impl,0,1594636664
477,X_prec0val0_wlj,0,1594636664
478,X_prec0val0_wlj_impl,0,1594636664
479,new2019_star_1,0,1594636664
480,new2019_star_2,0,1594636664
481,new2019_star_3,1594636664,1594549441
482,new2019_star_4,0,1594636664
483,new2019_star_5,1594636664,0
484,new2019_star_6,0,1594636664
485,new2019_star_7,1594636664,1594549441
486,new2019_star_8,0,1594636664
487,new2019_star_9,0,1594636664
488,new2019_star_10,0,1594636664
489,new2019_negstar_1,0,1594636664
490,new2019_negstar_2,0,1594636664
491,new2019_negstar_3,1594636664,1594549441
492,new2019_negstar_4,0,1594636664
493,new2019_negstar_5,0,1594636664
494,new2019_negstar_6,1594636664,1594549441
495,new2019_negstar_7,0,1594636664
496,new2019_negstar_8,0,1594636664
497,new2019_negstar_9,0,1594636664
548,moul_c_1,0,1594636664
549,moul_c_2,0,1594636664
550,moul_c_3,0,1594636664
551,moul_c_4,0,1594636664
552,moul_c_5,0,1594636664
553,moul_c_5b,0,1594636664
554,moul_c_6,0,1594636664
555,moul_c_7,0,1594636664
556,moul_c_8,0,1594636664
557,moul_c_9,0,1594636664
558,moul_c_10,0,1594636664
559,moul_c_11,0,1594636664
560,moul_c_12,0,1594636664
561,moul_c_13,0,1594636664
562,moul_c_14,0,1594636664
563,moul_c_15,0,1594636664
564,moul_c_16,0,1594636664
565,moul_c_17,0,1594636664
566,moul_c_18,0,1594636664
567,moul_c_19,0,1594636664
568,moul_c_20,0,1594636664
569,moul_c_21,0,1594636664
570,moul_c_22,0,1594636664
571,moul_c_23,0,1594636664
572,moul_c_24,0,1594636664
573,moul_c_25,0,1594636664
574,moul_c_26,0,1594636664
575,moul_c_27,0,1594636664
576,moul_c_28,0,1594636664
577,moul_s_1,1594549441,1594636664
578,moul_s_2,1594549441,1594636664
579,moul_s_3,1594549441,1594636664
580,moul_s_4,0,1594636664
581,moul_s_5_this_ones_a_doozy,1594549441,1594636664
582,moul_d_1,1594549441,1594636664
583,moul_d_2,1594549441,1594636664
584,moul_d_3,1594549441,1594636664
585,moul_d_4,1594549441,1594636664
586,moul_d_5,1594549441,1594636664
587,moul_d_6,1594549441,1594636664
588,moul_d_7,1594549441,1594636664
589,moul_d_8,1594549441,1594636664
590,moul_d_9,1594549441,1594636664
591,moul_d_10,0,1594636664
592,moul_d_11,0,1594636664
593,moul_d_12,0,1594636664
594,moul_mix_1,0,1594636664
595,moul_i_1,0,1594636664
596,moul_i_2,0,1594636664
597,moul_i_3,0,1594636664
598,moul_i_4,0,1594636664
599,moul_i_5,0,1594636664
600,moul_i_6,0,1594636664
601,moul_i_7,0,1594636664
602,moul_i_8,0,1594636664
603,moul_i_9,0,1594636664
604,moul_i_10,0,1594636664
605,moul_i_11,0,1594636664
606,moul_i_12,0,1594636664
607,moul_u_1,0,1594636664
608,moul_u_2,0,1594636664
609,moul_u_3,0,1594636664
610,moul_u_4,0,1594636664
611,moul_u_5,0,1594636664
612,moul_u_6,0,1594636664
613,moul_u_7,0,1594636664
614,moul_u_8,0,1594636664
615,moul_u_9,0,1594636664
616,moul_u_10,0,1594636664
617,moul_u_11,0,1594636664
618,moul_u_12,0,1594636664
619,moul_x_1,0,1594636664
620,moul_x_2,0,1594636664
621,moul_x_3,0,1594636664
622,moul_x_4,0,1594636664
623,moul_x_5,0,1594636664
624,moul_x_6,0,1594636664
625,moul_x_7,0,1594636664
626,moul_x_8,0,1594636664
627,moul_x_9,0,1594636664
628,moul_x_10,0,1594636664
629,moul_x_11,0,1594636664
630,moul_x_12,0,1594636664
631,moul_prec_1,0,1594636664
632,moul_prec_3,0,1594636664
633,moul_prec_4,0,1594636664
634,moul_prec_5,0,1594636664
635,moul_zeropad_1,0,1594636664
636,moul_zeropad_2,0,1594636664
637,moul_zeropad_3,0,1594636664
638,moul_zeropad_4,0,1594636664
639,moul_leftjusty_1,0,1594636664
640,moul_leftjusty_2,0,1594636664
641,moul_leftjusty_3,0,1594636664
642,moul_leftjusty_4,0,1594636664
643,moul_leftjusty_5,0,1594636664
644,moul_leftjusty_6,0,1594636664
645,moul_leftjusty_7,0,1594636664
646,moul_star_1,0,1594636664
647,moul_star_2,0,1594636664
648,moul_star_3,0,1594636664
649,moul_star_4,0,1594636664
650,moul_star_5,0,1594636664
651,mix_test_0,0,1594636664
652,mix_test_1,0,1594636664
653,mix_test_2,0,1594636664
654,mix_test_3,0,1594636664
655,mix_test_4,0,1594636664
656,mix_test_5,0,1594636664
657,mix_test_6,0,1594636664
658,mix_test_7,0,1594636664
659,mix_test_8,0,1594636664
660,mix_test_9,0,1594636664
661,mix_test_10,0,1594636664
662,mix_test_11,0,1594636664
663,mix_test_12,0,1594636664
664,mix_test_13,0,1594636664
665,mix_test_14,0,1594636664
666,mix_test_15,0,1594636664
667,mix_test_16,0,1594636664
668,mix_test_17,0,1594636664
669,mix_test_18,0,1594636664
670,mix_test_19,0,1594636664
671,mix_test_20,0,1594636664
672,mix_test_21,0,1594636664
673,mix_test_22,0,1594636664
674,mix_test_23,0,1594636664
675,mix_test_24,0,1594636664
676,mix_test_25,0,1594636664
677,mix_test_26,0,1594636664
678,mix_test_27,0,1594636664
679,mix_test_28,0,1594636664
680,mix_test_29,0,1594636664
681,mix_test_30,0,1594636664
682,mix_test_31,0,1594636664
683,mix_test_32,0,1594636664
684,mix_test_33,0,1594636664
685,mix_test_34,0,1594636664
686,mix_test_35,0,1594636664
687,mix_test_36,0,1594636664
688,mix_test_37,0,1594636664
689,mix_test_38,0,1594636664
690,mix_test_39,0,1594636664
691,mix_test_40,0,1594636664
692,mix_test_41,0,1594636664
693,mix_test_42,0,1594636664
694,mix_test_43,0,1594636664
695,mix_test_44,0,1594636664
696,mix_test_45,0,1594636664
697,mix_test_46,0,1594636664
698,mix_test_47,0,1594636664
699,mix_test_48,0,1594636664
700,mix_test_49,0,1594636664
701,mix_test_50,0,1594636664
702,mix_test_51,0,1594636664
703,mix_test_52,0,1594636664
704,mix_test_53,0,1594636664
705,mix_test_54,0,1594636664
706,mix_test_55,0,1594636664
707,mix_test_56,0,1594636664
708,mix_test_57,0,1594636664
709,mix_test_58,0,1594636664
710,mix_test_59,0,1594636664
711,mix_test_60,0,1594636664
712,mix_test_61,0,1594636664
713,mix_test_62,0,1594636664
714,mix_test_63,0,1594636664
715,mix_test_64,0,1594636664
716,mix_test_65,0,1594636664
717,mix_test_66,0,1594636664
718,mix_test_67,0,1594636664
719,mix_test_68,0,1594636664
720,mix_test_69,0,1594636664
721,mix_test_70,0,1594636664
722,mix_test_71,0,1594636664
723,mix_test_72,0,1594636664
724,mix_test_73,0,1594636664
725,mix_test_74,0,1594636664
726,mix_test_75,0,1594636664
727,mix_test_76,0,1594636664
728,mix_test_77,0,1594636664
729,mix_test_78,0,1594636664
730,mix_test_79,0,1594636664
731,mix_test_80,0,1594636664
732,mix_test_81,0,1594636664
733,mix_test_82,0,1594636664
734,mix_test_83,0,1594636664
735,mix_test_84,0,1594636664
736,mix_test_85,0,1594636664
737,mix_test_86,0,1594636664
738,mix_test_87,0,1594636664
739,mix_test_88,0,1594636664
740,mix_test_89,0,1594636664
741,mix_test_90,0,1594636664
742,mix_test_91,0,1594636664
743,mix_test_92,0,1594636664
744,mix_test_93,0,1594636664
745,mix_test_94,0,1594636664
746,mix_test_95,0,1594636664
747,mix_test_96,0,1594636664
748,mix_test_97,0,1594636664
749,mix_test_98,0,1594636664
750,mix_test_99,0,1594636664
751,mix_successive_0,0,1594636664
752,mix_successive_4,0,1594636664
753,mix_successive_6,0,1594636664
754,mix_successive_10,0,1594636664
755,mix_successive_16,0,1594636664
756,mix_successive_20,0,1594636664
757,mix_successive_21,0,1594636664
758,mix_successive_28,0,1594636664
759,mix_successive_30,0,1594636664
760,mix_successive_31,0,1594636664
761,mix_successive_32,0,1594636664
762,mix_successive_39,0,1594636664
763,mix_successive_40,0,1594636664
764,mix_successive_42,0,1594636664
765,mix_successive_43,0,1594636664
766,mix_successive_45,0,1594636664
767,mix_successive_46,0,1594636664
768,mix_successive_61,0,1594636664
769,mix_successive_64,0,1594636664
4186,d_neg_prec_star_01,0,1594636664
4187,d_neg_prec_star_02,0,1594636664
4188,d_neg_prec_star_03,0,1594636664
4189,u_neg_prec_star_01,0,1594636664
4190,u_neg_prec_star_02,0,1594636664
4191,u_neg_prec_star_03,0,1594636664
4192,notintsubject_o_neg_prec_star_01,0,1594636664
4193,notintsubject_o_neg_prec_star_02,0,1594636664
4194,notintsubject_o_neg_prec_star_03,0,1594636664
4195,x_neg_prec_star_01,0,1594636664
4196,x_neg_prec_star_02,0,1594636664
4197,x_neg_prec_star_03,0,1594636664
4198,X_neg_prec_star_01,0,1594636664
4199,X_neg_prec_star_02,0,1594636664
4200,X_neg_prec_star_03,0,1594636664
4201,s_neg_prec_star_01,0,1594636664
4202,s_neg_prec_star_02,0,1594636664
4203,p_neg_prec_star_01,0,1594636664
4204,p_neg_prec_star_02,0,1594636664
4205,p_neg_prec_star_03,0,1594636664
4206,p_neg_prec_star_04,0,1594636664
